<?xml version="1.0" encoding="UTF-8"?>
<booklist>
	<book>
		<isbn>p_book01</isbn>
		<title>Do it! 점프 투 파이썬</title>
		<author>박응용</author>
		<publisher>이지스퍼블리싱</publisher>
		<price>18800</price>
		<description>문과생도 중고등학생도 직장인도 프로그래밍에 눈뜨게 만든 바로 그 책이 전면 개정판으로 새로 태어났다! 2016년 《Do it! 점프 투 파이썬》으로 출간되었던 이 책은 약 4년 동안의 피드백을 반영하여 초보자가 더 빠르게 입문하고, 더 깊이 있게 공부할 수 있도록 개정되었다. 특히 ‘나 혼자 코딩’과 ‘코딩 면허 시험 20제’ 등 독자의 학습 흐름에 맞게 문제를 보강한 점이 눈에 띈다. 실습량도 두 배로 늘었다.</description>
	</book>
	<book>
		<isbn>p_book02</isbn>
		<title>HTML5 API 프로그래밍</title>
		<author>조용준</author>
		<apublisher>가메</apublisher>
		<price>23000</price>
		<description>HTML5 API를 활용한 웹 브라우저용 어플리케이션 개발을 위한 안내서 『HTML5 API 프로그래밍』. 멀티미디어 요소를 위한 나만의 미디어 플레이어 개발, HTML 입력 요소의 입력값 인증 처리 기법, 스토리지/인덱스트디비를 이용한사용자 자료 관리 기법, 위치 정보를 이용한 지도 및 날씨 정보 서비스 기법, 커뮤니케이션 API를 이용한 다른 서버와의 통신 기법 등 다양한 활용 방법을 정리하였다.</description>
	</book>
	<book>
		<isbn>p_book03</isbn>
		<title>백견불여일타 Vue.js입문</title>
		<author>Yoshinao Mori</author>
		<apublisher>로드북</apublisher>
		<price>22000</price>
		<description>이 책은 프론트엔드 자바스크립트 프레임워크 Vue.js를 빠르게 배우고 현업에 적용하고자 하는 개발자 혹은 프론트엔드 입문자를 위한 책이다. 80여 개의 예제와 각 장마다 실습문제를 제공하고 있으며 마지막 장에는 Json 기반 게시판 프로젝트를 진행해봄으로써 Vue.js로 웬만한 프론트엔드 프로그램을 디자인할 수 있는 역량을 가질 수 있을 것이다.</description>
	</book>
	<book>
		<isbn>p_book04</isbn>
		<title>Java 프로그래밍</title>
		<author>조용준</author>
		<apublisher>가메</apublisher>
		<price>26500</price>
		<description>초보자를 위한 탄탄한 문법 설명, 실생활화 비교하는 이해하기 쉬운 객체지향 개념 설명, 개발 생산성을 높이는 유용한 이클립스(Eclipse) 사용 팁과 실무에서 많이 사용되는 필수 개념 정리 및 다양한 예제를 통한 기본 이론 정리와 활용하였다.</description>
	</book>
	<!-- <book>
		<isbn>p_book05</isbn>
		<title>토비의 스프링 3.1</title>
		<author>이일민</author>
		<apublisher>에이콘출판</apublisher>
		<price>40000</price>
		<description>단순한 예제를 스프링 3.0과 스프링 3.1의 기술을 적용하며 발전시켜 나가는 과정을 통해 스프링의 핵심 프로그래밍 모델인 IoC/DI, PSA, AOP의 원리와 이에 적용된 다양한 디자인 패턴, 프로그래밍 기법을 이해할 수 있도록 도와준다. 이어지는 에서 상세히 소개하는 스프링 3.0과 스프링 3.1의 방대한 기술을 쉽게 이해하고 효과적으로 응용하는 데 필요한 기반 지식을 쌓도록 도와준다.</description>
	</book>	-->
</booklist>